Pokémon,Average
Bulbasaur,50.6
Ivysaur,65
Venusaur,85
Charmander,49.8
Charmeleon,65
Charizard,85
Squirtle,50
Wartortle,65
Blastoise,85
Caterpie,35
Metapod,36
Butterfree,61
Weedle,35
Kakuna,36
Beedrill,61
